Dataset,Accuracy,CPU,Memory
Iris,1.0,13.2,78.2
Wine,0.8611111111111112,100.0,78.5
Breast Cancer,0.9035087719298246,100.0,79.4
