Dataset,Accuracy,CPU,Memory
Iris,0.9666666666666667,49.2,77.4
Wine,0.8611111111111112,0.0,77.4
Breast Cancer,0.9210526315789473,50.0,77.4
